Size, Time
2500,0.058189909
5000,0.116553466
7500,0.189783057
10000,0.256525
12500,0.270142595
15000,0.280437827
17500,0.312651753
20000,0.386963169