Size,Time
2500,1.1744146347045898
5000,3.669790506362915
7500,7.874466419219971
10000,13.02955436706543
12500,21.058818817138672
15000,33.70798921585083
17500,39.94395709037781
20000,48.43835520744324
