rec_time,num_items
0.0016219615936279297,10
0.02901172637939453,14
0.06758356094360352,18
0.07677531242370605,22
0.5497028827667236,26
0.7121758460998535,30
9.156181335449219,34
34.32650542259216,38
